Unnamed: 0;Caption;URL;type;mean_sscd;max_sscd;Index
0.0;A bridge spanning across a wide river at twilight;http://example.com/placeholder.jpg;unmemorized;0.0;0.0;0
1.0;A antique clock on a mantelpiece;http://example.com/placeholder.jpg;unmemorized;0.0;0.0;1
2.0;A cute cat sitting on a windowsill looking at the rain;http://example.com/placeholder.jpg;unmemorized;0.0;0.0;2
3.0;An empty subway station with tiled walls and lights;http://example.com/placeholder.jpg;unmemorized;0.0;0.0;3
4.0;A musician playing violin on a stage;http://example.com/placeholder.jpg;unmemorized;0.0;0.0;4
5.0;An aerial view of a busy city intersection;http://example.com/placeholder.jpg;unmemorized;0.0;0.0;5
6.0;A close up of a complex mechanical watch mechanism;http://example.com/placeholder.jpg;unmemorized;0.0;0.0;6
7.0;A cup of steaming hot coffee next to a notebook;http://example.com/placeholder.jpg;unmemorized;0.0;0.0;7
8.0;A person riding a bicycle at sunset;http://example.com/placeholder.jpg;unmemorized;0.0;0.0;8
9.0;A thunderstorm viewed from a window;http://example.com/placeholder.jpg;unmemorized;0.0;0.0;9
10.0;A busy street market in Tokyo with colorful signs;http://example.com/placeholder.jpg;unmemorized;0.0;0.0;10
11.0;A tall skyscraper reflecting the clouds on its glass surface;http://example.com/placeholder.jpg;unmemorized;0.0;0.0;11
12.0;A 3d render of a shiny metallic sphere;http://example.com/placeholder.jpg;unmemorized;0.0;0.0;12
13.0;A quiet forest path illuminated by beams of sunlight;http://example.com/placeholder.jpg;unmemorized;0.0;0.0;13
14.0;A colorful parrot sitting on a branch in the jungle;http://example.com/placeholder.jpg;unmemorized;0.0;0.0;14
15.0;A colorful bowl of fruit salad on a picnic blanket;http://example.com/placeholder.jpg;unmemorized;0.0;0.0;15
16.0;A fractal image with infinite spiraling patterns;http://example.com/placeholder.jpg;unmemorized;0.0;0.0;16
17.0;A beautiful sunset over a calm ocean with a sailboat in the distance;http://example.com/placeholder.jpg;unmemorized;0.0;0.0;17
18.0;A cherry blossom tree shedding petals in the spring breeze;http://example.com/placeholder.jpg;unmemorized;0.0;0.0;18
19.0;A rustic wooden cabin in the middle of the woods;http://example.com/placeholder.jpg;unmemorized;0.0;0.0;19
20.0;A freshly baked loaf of bread on a cutting board;http://example.com/placeholder.jpg;unmemorized;0.0;0.0;20
21.0;A quiet library hall with rows of wooden bookshelves;http://example.com/placeholder.jpg;unmemorized;0.0;0.0;21
22.0;A koala sleeping in a eucalyptus tree;http://example.com/placeholder.jpg;unmemorized;0.0;0.0;22
23.0;A wooden guitar leaning against a brick wall;http://example.com/placeholder.jpg;unmemorized;0.0;0.0;23
24.0;A blue luxury sedan driving on a coastal road;http://example.com/placeholder.jpg;unmemorized;0.0;0.0;24
25.0;A grassy field with wild flowers waving in the wind;http://example.com/placeholder.jpg;unmemorized;0.0;0.0;25
26.0;A colorful explosion of paint in slow motion;http://example.com/placeholder.jpg;unmemorized;0.0;0.0;26
27.0;An artistic representation of the solar system;http://example.com/placeholder.jpg;unmemorized;0.0;0.0;27
28.0;A small squirrel holding a nut in its paws;http://example.com/placeholder.jpg;unmemorized;0.0;0.0;28
29.0;A vintage car parked on a cobblestone street in Paris;http://example.com/placeholder.jpg;unmemorized;0.0;0.0;29
30.0;A vintage camera sitting on a stack of old books;http://example.com/placeholder.jpg;unmemorized;0.0;0.0;30
31.0;A lone astronaut walking on the surface of Mars;http://example.com/placeholder.jpg;unmemorized;0.0;0.0;31
32.0;A herd of elephants walking across the savannah;http://example.com/placeholder.jpg;unmemorized;0.0;0.0;32
33.0;A bicycle parked against a fence;http://example.com/placeholder.jpg;unmemorized;0.0;0.0;33
34.0;A group of penguins standing on an iceberg;http://example.com/placeholder.jpg;unmemorized;0.0;0.0;34
35.0;A slice of chocolate cake on a white plate;http://example.com/placeholder.jpg;unmemorized;0.0;0.0;35
36.0;A robot working in a factory assembly line;http://example.com/placeholder.jpg;unmemorized;0.0;0.0;36
37.0;A modern kitchen with stainless steel appliances;http://example.com/placeholder.jpg;unmemorized;0.0;0.0;37
38.0;A drone flying over a forest;http://example.com/placeholder.jpg;unmemorized;0.0;0.0;38
39.0;A opened gift box with colorful wrapping paper;http://example.com/placeholder.jpg;unmemorized;0.0;0.0;39
40.0;A delicious pizza with pepperoni and melted cheese;http://example.com/placeholder.jpg;unmemorized;0.0;0.0;40
41.0;A beautifully decorated christmas tree;http://example.com/placeholder.jpg;unmemorized;0.0;0.0;41
42.0;A desert landscape with sand dunes and a cactus;http://example.com/placeholder.jpg;unmemorized;0.0;0.0;42
43.0;A river winding through a green valley with mountains;http://example.com/placeholder.jpg;unmemorized;0.0;0.0;43
44.0;A dancer performing ballet on a stage;http://example.com/placeholder.jpg;unmemorized;0.0;0.0;44
45.0;A classic European village street with flower boxes;http://example.com/placeholder.jpg;unmemorized;0.0;0.0;45
46.0;A old man feeding pigeons in a square;http://example.com/placeholder.jpg;unmemorized;0.0;0.0;46
47.0;A brown bear fishing for salmon in a river;http://example.com/placeholder.jpg;unmemorized;0.0;0.0;47
48.0;A foggy morning in a pine forest with dew on the ground;http://example.com/placeholder.jpg;unmemorized;0.0;0.0;48
49.0;A red fox walking through the snow;http://example.com/placeholder.jpg;unmemorized;0.0;0.0;49
50.0;A stack of gold coins on a table;http://example.com/placeholder.jpg;unmemorized;0.0;0.0;50
51.0;A futuristic city skyline at night with neon lights;http://example.com/placeholder.jpg;unmemorized;0.0;0.0;51
52.0;A photographer taking pictures of nature;http://example.com/placeholder.jpg;unmemorized;0.0;0.0;52
53.0;A student studying late at night with a lamp;http://example.com/placeholder.jpg;unmemorized;0.0;0.0;53
54.0;A flowing waterfall in the middle of a tropical rainforest;http://example.com/placeholder.jpg;unmemorized;0.0;0.0;54
55.0;A panda eating bamboo in a bamboo forest;http://example.com/placeholder.jpg;unmemorized;0.0;0.0;55
56.0;A sloth hanging from a tree branch;http://example.com/placeholder.jpg;unmemorized;0.0;0.0;56
57.0;A surreal landscape with floating islands and waterfalls;http://example.com/placeholder.jpg;unmemorized;0.0;0.0;57
58.0;A smiling woman holding a cup of coffee looking out window;http://example.com/placeholder.jpg;unmemorized;0.0;0.0;58
59.0;A red apple on a wooden table with a knife;http://example.com/placeholder.jpg;unmemorized;0.0;0.0;59
60.0;A large stadium filled with cheering crowd;http://example.com/placeholder.jpg;unmemorized;0.0;0.0;60
61.0;A dense flower garden in full bloom with colorful tulips;http://example.com/placeholder.jpg;unmemorized;0.0;0.0;61
62.0;A calm lake reflecting the autumn trees and cloudy sky;http://example.com/placeholder.jpg;unmemorized;0.0;0.0;62
63.0;A bowl of ramen with egg and pork;http://example.com/placeholder.jpg;unmemorized;0.0;0.0;63
64.0;A vast sandy beach extending to the horizon at dawn;http://example.com/placeholder.jpg;unmemorized;0.0;0.0;64
65.0;Abstract painting with blue and orange geometric shapes;http://example.com/placeholder.jpg;unmemorized;0.0;0.0;65
66.0;A minimalist design with black lines on white background;http://example.com/placeholder.jpg;unmemorized;0.0;0.0;66
67.0;A pile of autumn leaves in a park;http://example.com/placeholder.jpg;unmemorized;0.0;0.0;67
68.0;A gardener watering plants in a greenhouse;http://example.com/placeholder.jpg;unmemorized;0.0;0.0;68
69.0;A bouquet of roses in a glass vase;http://example.com/placeholder.jpg;unmemorized;0.0;0.0;69
70.0;A set of colorful pencils in a cup;http://example.com/placeholder.jpg;unmemorized;0.0;0.0;70
71.0;Modern office interior with large windows and plants;http://example.com/placeholder.jpg;unmemorized;0.0;0.0;71
72.0;A cozy living room with a fireplace and books on shelves;http://example.com/placeholder.jpg;unmemorized;0.0;0.0;72
73.0;A group of friends hiking up a mountain trail;http://example.com/placeholder.jpg;unmemorized;0.0;0.0;73
74.0;Children playing soccer in a grass field;http://example.com/placeholder.jpg;unmemorized;0.0;0.0;74
75.0;A butterfly resting on a bright red flower;http://example.com/placeholder.jpg;unmemorized;0.0;0.0;75
76.0;A man reading a book on a park bench;http://example.com/placeholder.jpg;unmemorized;0.0;0.0;76
77.0;A pair of running shoes on a pavement;http://example.com/placeholder.jpg;unmemorized;0.0;0.0;77
78.0;A chef cooking in a busy restaurant kitchen;http://example.com/placeholder.jpg;unmemorized;0.0;0.0;78
79.0;A busy coffee shop with people working on laptops;http://example.com/placeholder.jpg;unmemorized;0.0;0.0;79
80.0;A close up of a drop of water on a green leaf;http://example.com/placeholder.jpg;unmemorized;0.0;0.0;80
81.0;A glass of red wine and cheese on a platter;http://example.com/placeholder.jpg;unmemorized;0.0;0.0;81
82.0;A snowman with a carrot nose and a scarf;http://example.com/placeholder.jpg;unmemorized;0.0;0.0;82
83.0;A white horse galloping through a green meadow;http://example.com/placeholder.jpg;unmemorized;0.0;0.0;83
84.0;A golden retriever dog playing fetch in a park;http://example.com/placeholder.jpg;unmemorized;0.0;0.0;84
85.0;A lit candle on a dark table;http://example.com/placeholder.jpg;unmemorized;0.0;0.0;85
86.0;A pair of headphones on a mixing desk;http://example.com/placeholder.jpg;unmemorized;0.0;0.0;86
87.0;A artist painting on a canvas in a studio;http://example.com/placeholder.jpg;unmemorized;0.0;0.0;87
88.0;A majestic mountain range covered in snow under a blue sky;http://example.com/placeholder.jpg;unmemorized;0.0;0.0;88
89.0;A dreamlike sequence of clouds forming shapes;http://example.com/placeholder.jpg;unmemorized;0.0;0.0;89
90.0;A winter landscape with a frozen lake and snowy pines;http://example.com/placeholder.jpg;unmemorized;0.0;0.0;90
91.0;A majestic lion resting under the shade of a tree;http://example.com/placeholder.jpg;unmemorized;0.0;0.0;91
92.0;A glass of orange juice with ice cubes;http://example.com/placeholder.jpg;unmemorized;0.0;0.0;92
93.0;A pair of glasses resting on a newspaper;http://example.com/placeholder.jpg;unmemorized;0.0;0.0;93
94.0;A digital art illustration of a cyberpunk character;http://example.com/placeholder.jpg;unmemorized;0.0;0.0;94
95.0;A sailboat regatta on a windy day;http://example.com/placeholder.jpg;unmemorized;0.0;0.0;95
96.0;A plate of pasta with tomato sauce and fresh basil;http://example.com/placeholder.jpg;unmemorized;0.0;0.0;96
97.0;A night sky filled with bright stars and a full moon;http://example.com/placeholder.jpg;unmemorized;0.0;0.0;97
98.0;A dolphin jumping out of the water in the ocean;http://example.com/placeholder.jpg;unmemorized;0.0;0.0;98
99.0;A pattern of colorful polka dots;http://example.com/placeholder.jpg;unmemorized;0.0;0.0;99
;A loud house sitting with a friend;http://example.com/placeholder.jpg;unmemorized;0.0;0.0;100
;A broken flower falling in the clouds;http://example.com/placeholder.jpg;unmemorized;0.0;0.0;101
;A hidden ghost hovering in a storm;http://example.com/placeholder.jpg;unmemorized;0.0;0.0;102
;A purple diver drinking on the floor;http://example.com/placeholder.jpg;unmemorized;0.0;0.0;103
;A futuristic boy ignoring in the mist;http://example.com/placeholder.jpg;unmemorized;0.0;0.0;104
;A small shrine working in a lake;http://example.com/placeholder.jpg;unmemorized;0.0;0.0;105
;A loud square changing surrounded by light;http://example.com/placeholder.jpg;unmemorized;0.0;0.0;106
;A transparent motorcycle falling in the mist;http://example.com/placeholder.jpg;unmemorized;0.0;0.0;107
;An organic triangle playing in a crowd;http://example.com/placeholder.jpg;unmemorized;0.0;0.0;108
;A visible mountain freezing in the ocean;http://example.com/placeholder.jpg;unmemorized;0.0;0.0;109
;A digital square playing in the clouds;http://example.com/placeholder.jpg;unmemorized;0.0;0.0;110
;A wooden dog reading at night;http://example.com/placeholder.jpg;unmemorized;0.0;0.0;111
;A glass square swimming on the moon;http://example.com/placeholder.jpg;unmemorized;0.0;0.0;112
;A metal fish eating in a room;http://example.com/placeholder.jpg;unmemorized;0.0;0.0;113
;An angry machine sitting on the grass;http://example.com/placeholder.jpg;unmemorized;0.0;0.0;114
;A wooden person hovering in the morning;http://example.com/placeholder.jpg;unmemorized;0.0;0.0;115
;A purple robot falling alone;http://example.com/placeholder.jpg;unmemorized;0.0;0.0;116
;A dark tiger growing in a crowd;http://example.com/placeholder.jpg;unmemorized;0.0;0.0;117
;A wide fish sitting under water;http://example.com/placeholder.jpg;unmemorized;0.0;0.0;118
;A dark clock freezing in the ocean;http://example.com/placeholder.jpg;unmemorized;0.0;0.0;119
;An obvious lake evaporating at noon;http://example.com/placeholder.jpg;unmemorized;0.0;0.0;120
;A wooden bird evolving in a house;http://example.com/placeholder.jpg;unmemorized;0.0;0.0;121
;A tiny stone watching on the grass;http://example.com/placeholder.jpg;unmemorized;0.0;0.0;122
;A neon lake drifting in the ocean;http://example.com/placeholder.jpg;unmemorized;0.0;0.0;123
;A silver spirit flying under water;http://example.com/placeholder.jpg;unmemorized;0.0;0.0;124
;A hidden tiger drifting with family;http://example.com/placeholder.jpg;unmemorized;0.0;0.0;125
;An angry bridge evaporating on the ground;http://example.com/placeholder.jpg;unmemorized;0.0;0.0;126
;A polished woman standing in a lake;http://example.com/placeholder.jpg;unmemorized;0.0;0.0;127
;A vibrant diver thinking at noon;http://example.com/placeholder.jpg;unmemorized;0.0;0.0;128
;An organic fish changing in a house;http://example.com/placeholder.jpg;unmemorized;0.0;0.0;129
;A futuristic grass watching alone;http://example.com/placeholder.jpg;unmemorized;0.0;0.0;130
;A mechanical star freezing in the wind;http://example.com/placeholder.jpg;unmemorized;0.0;0.0;131
;A small astronaut ignoring alone;http://example.com/placeholder.jpg;unmemorized;0.0;0.0;132
;A tiny girl burning in a room;http://example.com/placeholder.jpg;unmemorized;0.0;0.0;133
;A rusty girl looking at in a storm;http://example.com/placeholder.jpg;unmemorized;0.0;0.0;134
;A vibrant river burning in a crowd;http://example.com/placeholder.jpg;unmemorized;0.0;0.0;135
;A visible fish freezing on the ground;http://example.com/placeholder.jpg;unmemorized;0.0;0.0;136
;An angry flower flying in the sky;http://example.com/placeholder.jpg;unmemorized;0.0;0.0;137
;A tiny man evaporating in a forest;http://example.com/placeholder.jpg;unmemorized;0.0;0.0;138
;A glowing tower sleeping in the morning;http://example.com/placeholder.jpg;unmemorized;0.0;0.0;139
;A small dragon eating in a castle;http://example.com/placeholder.jpg;unmemorized;0.0;0.0;140
;A calm boy swimming in a building;http://example.com/placeholder.jpg;unmemorized;0.0;0.0;141
;A gold robot floating on the floor;http://example.com/placeholder.jpg;unmemorized;0.0;0.0;142
;A silent plane looking at in space;http://example.com/placeholder.jpg;unmemorized;0.0;0.0;143
;An opaque plane swimming under water;http://example.com/placeholder.jpg;unmemorized;0.0;0.0;144
;A vibrant fish rising in the wind;http://example.com/placeholder.jpg;unmemorized;0.0;0.0;145
;A chaotic tree floating in a crowd;http://example.com/placeholder.jpg;unmemorized;0.0;0.0;146
;An old square staring at on a table;http://example.com/placeholder.jpg;unmemorized;0.0;0.0;147
;A gold child watching in a pool;http://example.com/placeholder.jpg;unmemorized;0.0;0.0;148
;A transparent river ignoring on the floor;http://example.com/placeholder.jpg;unmemorized;0.0;0.0;149
;An electric lion hovering on mars;http://example.com/placeholder.jpg;unmemorized;0.0;0.0;150
;An old cube swimming alone;http://example.com/placeholder.jpg;unmemorized;0.0;0.0;151
;A futuristic grass drifting in a river;http://example.com/placeholder.jpg;unmemorized;0.0;0.0;152
;A yellow ghost falling in darkness;http://example.com/placeholder.jpg;unmemorized;0.0;0.0;153
;A chaotic bus staring at in the air;http://example.com/placeholder.jpg;unmemorized;0.0;0.0;154
;A new sphere reading in the afternoon;http://example.com/placeholder.jpg;unmemorized;0.0;0.0;155
;A mechanical planet playing in a castle;http://example.com/placeholder.jpg;unmemorized;0.0;0.0;156
;A wide scooter writing at sunset;http://example.com/placeholder.jpg;unmemorized;0.0;0.0;157
;A white motorcycle watching in a building;http://example.com/placeholder.jpg;unmemorized;0.0;0.0;158
;A silver pyramid thinking in the afternoon;http://example.com/placeholder.jpg;unmemorized;0.0;0.0;159
;A gold computer working under water;http://example.com/placeholder.jpg;unmemorized;0.0;0.0;160
;A dark child drinking at night;http://example.com/placeholder.jpg;unmemorized;0.0;0.0;161
;An orange train thinking on the ground;http://example.com/placeholder.jpg;unmemorized;0.0;0.0;162
;A glass temple eating in the morning;http://example.com/placeholder.jpg;unmemorized;0.0;0.0;163
;A black sphere writing in a pool;http://example.com/placeholder.jpg;unmemorized;0.0;0.0;164
;A mechanical cirlce walking in the ocean;http://example.com/placeholder.jpg;unmemorized;0.0;0.0;165
;An obvious bicycle shining in a house;http://example.com/placeholder.jpg;unmemorized;0.0;0.0;166
;An old person swimming at night;http://example.com/placeholder.jpg;unmemorized;0.0;0.0;167
;A metal astronaut working in a river;http://example.com/placeholder.jpg;unmemorized;0.0;0.0;168
;A digital fox staring at on a table;http://example.com/placeholder.jpg;unmemorized;0.0;0.0;169
;A black phone shining in the wind;http://example.com/placeholder.jpg;unmemorized;0.0;0.0;170
;A chaotic train drifting on the moon;http://example.com/placeholder.jpg;unmemorized;0.0;0.0;171
;A white astronaut playing in a castle;http://example.com/placeholder.jpg;unmemorized;0.0;0.0;172
;A polished rabbit expanding on a rock;http://example.com/placeholder.jpg;unmemorized;0.0;0.0;173
;A neon dog sitting at noon;http://example.com/placeholder.jpg;unmemorized;0.0;0.0;174
;A gold cat flying in the afternoon;http://example.com/placeholder.jpg;unmemorized;0.0;0.0;175
;A tall temple expanding on a table;http://example.com/placeholder.jpg;unmemorized;0.0;0.0;176
;An angry tiger lying in a house;http://example.com/placeholder.jpg;unmemorized;0.0;0.0;177
;A silver triangle observing at sunrise;http://example.com/placeholder.jpg;unmemorized;0.0;0.0;178
;An analog shrine writing with family;http://example.com/placeholder.jpg;unmemorized;0.0;0.0;179
;A massive diver drinking at night;http://example.com/placeholder.jpg;unmemorized;0.0;0.0;180
;An orange man hovering in the fog;http://example.com/placeholder.jpg;unmemorized;0.0;0.0;181
;A new lion swimming on a table;http://example.com/placeholder.jpg;unmemorized;0.0;0.0;182
;A digital plane staring at in space;http://example.com/placeholder.jpg;unmemorized;0.0;0.0;183
;A yellow pilot sitting on the ground;http://example.com/placeholder.jpg;unmemorized;0.0;0.0;184
;An electric tower condensing in a crowd;http://example.com/placeholder.jpg;unmemorized;0.0;0.0;185
;A mechanical boat walking in a storm;http://example.com/placeholder.jpg;unmemorized;0.0;0.0;186
;A new rabbit freezing on the moon;http://example.com/placeholder.jpg;unmemorized;0.0;0.0;187
;A peaceful lion floating in a park;http://example.com/placeholder.jpg;unmemorized;0.0;0.0;188
;A transparent grass running on the moon;http://example.com/placeholder.jpg;unmemorized;0.0;0.0;189
;A calm lion contracting in a castle;http://example.com/placeholder.jpg;unmemorized;0.0;0.0;190
;A tall skyscraper contracting in the ocean;http://example.com/placeholder.jpg;unmemorized;0.0;0.0;191
;A pastel mountain spinning in the morning;http://example.com/placeholder.jpg;unmemorized;0.0;0.0;192
;A blue forest burning in the sky;http://example.com/placeholder.jpg;unmemorized;0.0;0.0;193
;A blue car flying in the sky;http://example.com/placeholder.jpg;unmemorized;0.0;0.0;194
;A red rabbit evaporating on the grass;http://example.com/placeholder.jpg;unmemorized;0.0;0.0;195
;An angry pilot drifting in the fog;http://example.com/placeholder.jpg;unmemorized;0.0;0.0;196
;A digital boat jumping surrounded by light;http://example.com/placeholder.jpg;unmemorized;0.0;0.0;197
;An obvious camera evaporating on mars;http://example.com/placeholder.jpg;unmemorized;0.0;0.0;198
;An old alien hovering in the air;http://example.com/placeholder.jpg;unmemorized;0.0;0.0;199
;A short cirlce observing on the floor;http://example.com/placeholder.jpg;unmemorized;0.0;0.0;200
;A rusty castle lying with family;http://example.com/placeholder.jpg;unmemorized;0.0;0.0;201
;A peaceful ship melting in the sea;http://example.com/placeholder.jpg;unmemorized;0.0;0.0;202
;A neon skyscraper floating at sunrise;http://example.com/placeholder.jpg;unmemorized;0.0;0.0;203
;An electric diver shining in the rain;http://example.com/placeholder.jpg;unmemorized;0.0;0.0;204
;A wide cube walking in the morning;http://example.com/placeholder.jpg;unmemorized;0.0;0.0;205
;A futuristic bear growing at noon;http://example.com/placeholder.jpg;unmemorized;0.0;0.0;206
;A pastel planet running alone;http://example.com/placeholder.jpg;unmemorized;0.0;0.0;207
;A massive dragon sinking in a river;http://example.com/placeholder.jpg;unmemorized;0.0;0.0;208
;A blue lamp swimming in a pool;http://example.com/placeholder.jpg;unmemorized;0.0;0.0;209
;A neon cirlce swimming in the morning;http://example.com/placeholder.jpg;unmemorized;0.0;0.0;210
;A blue lake lying in a house;http://example.com/placeholder.jpg;unmemorized;0.0;0.0;211
;An orange triangle eating on a rock;http://example.com/placeholder.jpg;unmemorized;0.0;0.0;212
;A dull river flying in the wind;http://example.com/placeholder.jpg;unmemorized;0.0;0.0;213
;An organic planet drinking in space;http://example.com/placeholder.jpg;unmemorized;0.0;0.0;214
;A visible cat glowing at night;http://example.com/placeholder.jpg;unmemorized;0.0;0.0;215
;A black woman watching alone;http://example.com/placeholder.jpg;unmemorized;0.0;0.0;216
;A wide dragon sitting in a storm;http://example.com/placeholder.jpg;unmemorized;0.0;0.0;217
;A yellow car spinning with a friend;http://example.com/placeholder.jpg;unmemorized;0.0;0.0;218
;An obvious sphere sinking with family;http://example.com/placeholder.jpg;unmemorized;0.0;0.0;219
;A vibrant robot expanding in a room;http://example.com/placeholder.jpg;unmemorized;0.0;0.0;220
;A broken planet lying in a forest;http://example.com/placeholder.jpg;unmemorized;0.0;0.0;221
;A modern watch lying at sunrise;http://example.com/placeholder.jpg;unmemorized;0.0;0.0;222
;A metal sphere drifting in a room;http://example.com/placeholder.jpg;unmemorized;0.0;0.0;223
;A black scooter shrinking in the afternoon;http://example.com/placeholder.jpg;unmemorized;0.0;0.0;224
;A green pyramid melting in space;http://example.com/placeholder.jpg;unmemorized;0.0;0.0;225
;A neon person staring at on the grass;http://example.com/placeholder.jpg;unmemorized;0.0;0.0;226
;A red triangle staring at in the sea;http://example.com/placeholder.jpg;unmemorized;0.0;0.0;227
;A short star reading in the air;http://example.com/placeholder.jpg;unmemorized;0.0;0.0;228
;A silver ghost expanding with family;http://example.com/placeholder.jpg;unmemorized;0.0;0.0;229
;A small castle floating on the floor;http://example.com/placeholder.jpg;unmemorized;0.0;0.0;230
;An old dog sinking in a park;http://example.com/placeholder.jpg;unmemorized;0.0;0.0;231
;A hidden phone sinking in a room;http://example.com/placeholder.jpg;unmemorized;0.0;0.0;232
;A modern robot swimming in the air;http://example.com/placeholder.jpg;unmemorized;0.0;0.0;233
;A dim computer playing in a building;http://example.com/placeholder.jpg;unmemorized;0.0;0.0;234
;A transparent planet thinking on the moon;http://example.com/placeholder.jpg;unmemorized;0.0;0.0;235
;A glowing ship falling in the rain;http://example.com/placeholder.jpg;unmemorized;0.0;0.0;236
;A silver clock flying with a friend;http://example.com/placeholder.jpg;unmemorized;0.0;0.0;237
;A sad demon floating in the wind;http://example.com/placeholder.jpg;unmemorized;0.0;0.0;238
;A metal alien swimming in a crowd;http://example.com/placeholder.jpg;unmemorized;0.0;0.0;239
;A chaotic child drinking in the air;http://example.com/placeholder.jpg;unmemorized;0.0;0.0;240
;A silver car evolving in the mist;http://example.com/placeholder.jpg;unmemorized;0.0;0.0;241
;An obvious bus sleeping on a table;http://example.com/placeholder.jpg;unmemorized;0.0;0.0;242
;A new grass playing in the mist;http://example.com/placeholder.jpg;unmemorized;0.0;0.0;243
;An orange dragon eating in a storm;http://example.com/placeholder.jpg;unmemorized;0.0;0.0;244
;A dim pyramid working in the rain;http://example.com/placeholder.jpg;unmemorized;0.0;0.0;245
;A dim bus sitting in the rain;http://example.com/placeholder.jpg;unmemorized;0.0;0.0;246
;A yellow wolf reading in a lake;http://example.com/placeholder.jpg;unmemorized;0.0;0.0;247
;A glass skyscraper swimming in the mist;http://example.com/placeholder.jpg;unmemorized;0.0;0.0;248
;A new alien shrinking in the morning;http://example.com/placeholder.jpg;unmemorized;0.0;0.0;249
;A dim car drinking alone;http://example.com/placeholder.jpg;unmemorized;0.0;0.0;250
;A visible triangle burning in the sky;http://example.com/placeholder.jpg;unmemorized;0.0;0.0;251
;A green person rising in the clouds;http://example.com/placeholder.jpg;unmemorized;0.0;0.0;252
;A chaotic demon thinking in the sea;http://example.com/placeholder.jpg;unmemorized;0.0;0.0;253
;A narrow rabbit freezing in a storm;http://example.com/placeholder.jpg;unmemorized;0.0;0.0;254
;A pastel dog drinking in a park;http://example.com/placeholder.jpg;unmemorized;0.0;0.0;255
;A rusty forest standing in a pool;http://example.com/placeholder.jpg;unmemorized;0.0;0.0;256
;A digital fish freezing at noon;http://example.com/placeholder.jpg;unmemorized;0.0;0.0;257
;An angry robot reading in a pool;http://example.com/placeholder.jpg;unmemorized;0.0;0.0;258
;A glass house freezing at sunrise;http://example.com/placeholder.jpg;unmemorized;0.0;0.0;259
;A mysterious girl floating in the rain;http://example.com/placeholder.jpg;unmemorized;0.0;0.0;260
;An electric tower running at noon;http://example.com/placeholder.jpg;unmemorized;0.0;0.0;261
;A transparent angel working in the air;http://example.com/placeholder.jpg;unmemorized;0.0;0.0;262
;A green clock ignoring in the wind;http://example.com/placeholder.jpg;unmemorized;0.0;0.0;263
;A mechanical diver ignoring in a storm;http://example.com/placeholder.jpg;unmemorized;0.0;0.0;264
;A rusty bird condensing in the air;http://example.com/placeholder.jpg;unmemorized;0.0;0.0;265
;A narrow bicycle thinking at night;http://example.com/placeholder.jpg;unmemorized;0.0;0.0;266
;An angry triangle drinking in the air;http://example.com/placeholder.jpg;unmemorized;0.0;0.0;267
;A modern monster looking at on a chair;http://example.com/placeholder.jpg;unmemorized;0.0;0.0;268
;A purple unicorn sinking in the morning;http://example.com/placeholder.jpg;unmemorized;0.0;0.0;269
;A chaotic woman thinking in a house;http://example.com/placeholder.jpg;unmemorized;0.0;0.0;270
;A digital plane floating in the afternoon;http://example.com/placeholder.jpg;unmemorized;0.0;0.0;271
;A glowing woman burning in the rain;http://example.com/placeholder.jpg;unmemorized;0.0;0.0;272
;A vibrant flower writing in the clouds;http://example.com/placeholder.jpg;unmemorized;0.0;0.0;273
;A metal cat evaporating in a forest;http://example.com/placeholder.jpg;unmemorized;0.0;0.0;274
;An analog boat thinking in the sea;http://example.com/placeholder.jpg;unmemorized;0.0;0.0;275
;An old house floating at night;http://example.com/placeholder.jpg;unmemorized;0.0;0.0;276
;A dark diver evaporating in the ocean;http://example.com/placeholder.jpg;unmemorized;0.0;0.0;277
;A dull mountain reading on a chair;http://example.com/placeholder.jpg;unmemorized;0.0;0.0;278
;A peaceful building eating in the sky;http://example.com/placeholder.jpg;unmemorized;0.0;0.0;279
;A sad computer walking on the grass;http://example.com/placeholder.jpg;unmemorized;0.0;0.0;280
;A giant lake swimming in a storm;http://example.com/placeholder.jpg;unmemorized;0.0;0.0;281
;An opaque boat swimming on a chair;http://example.com/placeholder.jpg;unmemorized;0.0;0.0;282
;A green unicorn staring at in the mist;http://example.com/placeholder.jpg;unmemorized;0.0;0.0;283
;A shiny river sinking with a friend;http://example.com/placeholder.jpg;unmemorized;0.0;0.0;284
;A neon motorcycle thinking in the morning;http://example.com/placeholder.jpg;unmemorized;0.0;0.0;285
;A silent bus hovering in a pool;http://example.com/placeholder.jpg;unmemorized;0.0;0.0;286
;A silver tower playing in a park;http://example.com/placeholder.jpg;unmemorized;0.0;0.0;287
;An organic unicorn drinking in the air;http://example.com/placeholder.jpg;unmemorized;0.0;0.0;288
;A chaotic robot sitting on mars;http://example.com/placeholder.jpg;unmemorized;0.0;0.0;289
;A black scooter thinking in the snow;http://example.com/placeholder.jpg;unmemorized;0.0;0.0;290
;A silent astronaut growing on mars;http://example.com/placeholder.jpg;unmemorized;0.0;0.0;291
;A peaceful rabbit lying in a forest;http://example.com/placeholder.jpg;unmemorized;0.0;0.0;292
;A pastel woman melting in the fog;http://example.com/placeholder.jpg;unmemorized;0.0;0.0;293
;An old dog swimming in space;http://example.com/placeholder.jpg;unmemorized;0.0;0.0;294
;A shiny ship walking in the mist;http://example.com/placeholder.jpg;unmemorized;0.0;0.0;295
;A peaceful flower observing in the sea;http://example.com/placeholder.jpg;unmemorized;0.0;0.0;296
;A purple skyscraper reading with a friend;http://example.com/placeholder.jpg;unmemorized;0.0;0.0;297
;A yellow fish growing in a storm;http://example.com/placeholder.jpg;unmemorized;0.0;0.0;298
;An obvious boat glowing in a pool;http://example.com/placeholder.jpg;unmemorized;0.0;0.0;299
;A black planet staring at in the sky;http://example.com/placeholder.jpg;unmemorized;0.0;0.0;300
;A glass train burning in the mist;http://example.com/placeholder.jpg;unmemorized;0.0;0.0;301
;An orange forest jumping on the floor;http://example.com/placeholder.jpg;unmemorized;0.0;0.0;302
;A mechanical alien evaporating on a chair;http://example.com/placeholder.jpg;unmemorized;0.0;0.0;303
;A neon building working at night;http://example.com/placeholder.jpg;unmemorized;0.0;0.0;304
;A bright mountain staring at at noon;http://example.com/placeholder.jpg;unmemorized;0.0;0.0;305
;A massive castle drifting in a park;http://example.com/placeholder.jpg;unmemorized;0.0;0.0;306
;An obvious diver flying in the ocean;http://example.com/placeholder.jpg;unmemorized;0.0;0.0;307
;A glowing sphere flying in a castle;http://example.com/placeholder.jpg;unmemorized;0.0;0.0;308
;A polished temple staring at alone;http://example.com/placeholder.jpg;unmemorized;0.0;0.0;309
;An electric bus melting on the grass;http://example.com/placeholder.jpg;unmemorized;0.0;0.0;310
;A green house evaporating on mars;http://example.com/placeholder.jpg;unmemorized;0.0;0.0;311
;A red train melting on the grass;http://example.com/placeholder.jpg;unmemorized;0.0;0.0;312
;A shiny monster glowing on a rock;http://example.com/placeholder.jpg;unmemorized;0.0;0.0;313
;A yellow bear standing under water;http://example.com/placeholder.jpg;unmemorized;0.0;0.0;314
;A giant ship flying on the ground;http://example.com/placeholder.jpg;unmemorized;0.0;0.0;315
;A loud planet floating on the grass;http://example.com/placeholder.jpg;unmemorized;0.0;0.0;316
;A new unicorn jumping alone;http://example.com/placeholder.jpg;unmemorized;0.0;0.0;317
;A polished bus changing in the clouds;http://example.com/placeholder.jpg;unmemorized;0.0;0.0;318
;A massive temple watching in a lake;http://example.com/placeholder.jpg;unmemorized;0.0;0.0;319
;An electric dog melting in the afternoon;http://example.com/placeholder.jpg;unmemorized;0.0;0.0;320
;A green cat sitting alone;http://example.com/placeholder.jpg;unmemorized;0.0;0.0;321
;A peaceful shrine ignoring in a crowd;http://example.com/placeholder.jpg;unmemorized;0.0;0.0;322
;A broken dragon rising at sunrise;http://example.com/placeholder.jpg;unmemorized;0.0;0.0;323
;A vibrant computer melting in the sky;http://example.com/placeholder.jpg;unmemorized;0.0;0.0;324
;An opaque cube hovering in a forest;http://example.com/placeholder.jpg;unmemorized;0.0;0.0;325
;A red forest flying on the moon;http://example.com/placeholder.jpg;unmemorized;0.0;0.0;326
;A dim fish eating on a chair;http://example.com/placeholder.jpg;unmemorized;0.0;0.0;327
;An angry pilot jumping at sunset;http://example.com/placeholder.jpg;unmemorized;0.0;0.0;328
;A bright mountain lying with a friend;http://example.com/placeholder.jpg;unmemorized;0.0;0.0;329
;A dim child eating on a rock;http://example.com/placeholder.jpg;unmemorized;0.0;0.0;330
;A digital skyscraper ignoring on mars;http://example.com/placeholder.jpg;unmemorized;0.0;0.0;331
;A black plane changing on a chair;http://example.com/placeholder.jpg;unmemorized;0.0;0.0;332
;A short lion running in the ocean;http://example.com/placeholder.jpg;unmemorized;0.0;0.0;333
;A visible fox evaporating in a pool;http://example.com/placeholder.jpg;unmemorized;0.0;0.0;334
;A calm plane sinking in the air;http://example.com/placeholder.jpg;unmemorized;0.0;0.0;335
;An analog square freezing on mars;http://example.com/placeholder.jpg;unmemorized;0.0;0.0;336
;A short clock reading in a crowd;http://example.com/placeholder.jpg;unmemorized;0.0;0.0;337
;A happy woman lying in the clouds;http://example.com/placeholder.jpg;unmemorized;0.0;0.0;338
;A dim clock playing in the morning;http://example.com/placeholder.jpg;unmemorized;0.0;0.0;339
;A happy unicorn floating in a lake;http://example.com/placeholder.jpg;unmemorized;0.0;0.0;340
;A wide triangle lying in the sky;http://example.com/placeholder.jpg;unmemorized;0.0;0.0;341
;A broken computer glowing on mars;http://example.com/placeholder.jpg;unmemorized;0.0;0.0;342
;A mysterious alien eating in a storm;http://example.com/placeholder.jpg;unmemorized;0.0;0.0;343
;A wide motorcycle jumping surrounded by light;http://example.com/placeholder.jpg;unmemorized;0.0;0.0;344
;A glowing sphere spinning at noon;http://example.com/placeholder.jpg;unmemorized;0.0;0.0;345
;A futuristic scooter expanding in the snow;http://example.com/placeholder.jpg;unmemorized;0.0;0.0;346
;A dim watch shining in the sky;http://example.com/placeholder.jpg;unmemorized;0.0;0.0;347
;A silver camera working in a river;http://example.com/placeholder.jpg;unmemorized;0.0;0.0;348
;A massive astronaut melting on mars;http://example.com/placeholder.jpg;unmemorized;0.0;0.0;349
;A visible astronaut shrinking surrounded by light;http://example.com/placeholder.jpg;unmemorized;0.0;0.0;350
;A mysterious train looking at in the air;http://example.com/placeholder.jpg;unmemorized;0.0;0.0;351
;A loud skyscraper observing in the rain;http://example.com/placeholder.jpg;unmemorized;0.0;0.0;352
;An old robot evolving at night;http://example.com/placeholder.jpg;unmemorized;0.0;0.0;353
;A yellow child freezing in the air;http://example.com/placeholder.jpg;unmemorized;0.0;0.0;354
;A dull boy observing in the fog;http://example.com/placeholder.jpg;unmemorized;0.0;0.0;355
;A small house watching on a table;http://example.com/placeholder.jpg;unmemorized;0.0;0.0;356
;A gold man shining in the rain;http://example.com/placeholder.jpg;unmemorized;0.0;0.0;357
;A white train jumping at night;http://example.com/placeholder.jpg;unmemorized;0.0;0.0;358
;A glass house evaporating in a room;http://example.com/placeholder.jpg;unmemorized;0.0;0.0;359
;A mechanical machine melting on the grass;http://example.com/placeholder.jpg;unmemorized;0.0;0.0;360
;A digital woman hovering in the fog;http://example.com/placeholder.jpg;unmemorized;0.0;0.0;361
;A metal skyscraper sitting in a building;http://example.com/placeholder.jpg;unmemorized;0.0;0.0;362
;A giant monster evaporating in the ocean;http://example.com/placeholder.jpg;unmemorized;0.0;0.0;363
;A modern spirit writing on a rock;http://example.com/placeholder.jpg;unmemorized;0.0;0.0;364
;An ancient man drifting in a crowd;http://example.com/placeholder.jpg;unmemorized;0.0;0.0;365
;A vibrant dragon writing in space;http://example.com/placeholder.jpg;unmemorized;0.0;0.0;366
;A massive lion shrinking at sunset;http://example.com/placeholder.jpg;unmemorized;0.0;0.0;367
;An opaque cube jumping in the rain;http://example.com/placeholder.jpg;unmemorized;0.0;0.0;368
;A wide plane expanding in a crowd;http://example.com/placeholder.jpg;unmemorized;0.0;0.0;369
;A sad forest writing with family;http://example.com/placeholder.jpg;unmemorized;0.0;0.0;370
;A glowing pilot rising in the sky;http://example.com/placeholder.jpg;unmemorized;0.0;0.0;371
;A tiny astronaut growing on a table;http://example.com/placeholder.jpg;unmemorized;0.0;0.0;372
;A sad cat rising in a house;http://example.com/placeholder.jpg;unmemorized;0.0;0.0;373
;An analog plane melting under water;http://example.com/placeholder.jpg;unmemorized;0.0;0.0;374
;A loud lamp drifting in the mist;http://example.com/placeholder.jpg;unmemorized;0.0;0.0;375
;A green lion standing in a park;http://example.com/placeholder.jpg;unmemorized;0.0;0.0;376
;A transparent bicycle floating in the morning;http://example.com/placeholder.jpg;unmemorized;0.0;0.0;377
;A purple robot staring at on the floor;http://example.com/placeholder.jpg;unmemorized;0.0;0.0;378
;A dark spirit evaporating on the floor;http://example.com/placeholder.jpg;unmemorized;0.0;0.0;379
;A peaceful spirit melting in the ocean;http://example.com/placeholder.jpg;unmemorized;0.0;0.0;380
;A yellow rabbit flying at noon;http://example.com/placeholder.jpg;unmemorized;0.0;0.0;381
;An angry bridge changing in a building;http://example.com/placeholder.jpg;unmemorized;0.0;0.0;382
;A wide cat condensing on the grass;http://example.com/placeholder.jpg;unmemorized;0.0;0.0;383
;A tall cube burning at sunrise;http://example.com/placeholder.jpg;unmemorized;0.0;0.0;384
;A hidden star watching in the morning;http://example.com/placeholder.jpg;unmemorized;0.0;0.0;385
;A wooden building running in the mist;http://example.com/placeholder.jpg;unmemorized;0.0;0.0;386
;A purple bird writing in the wind;http://example.com/placeholder.jpg;unmemorized;0.0;0.0;387
;A black child sinking at sunset;http://example.com/placeholder.jpg;unmemorized;0.0;0.0;388
;A tall flower staring at on a chair;http://example.com/placeholder.jpg;unmemorized;0.0;0.0;389
;A glowing stone swimming in darkness;http://example.com/placeholder.jpg;unmemorized;0.0;0.0;390
;A futuristic tower looking at in the wind;http://example.com/placeholder.jpg;unmemorized;0.0;0.0;391
;A metal lamp jumping in a crowd;http://example.com/placeholder.jpg;unmemorized;0.0;0.0;392
;A silent person spinning in the ocean;http://example.com/placeholder.jpg;unmemorized;0.0;0.0;393
;A wide alien reading in the mist;http://example.com/placeholder.jpg;unmemorized;0.0;0.0;394
;A dull clock evaporating in the mist;http://example.com/placeholder.jpg;unmemorized;0.0;0.0;395
;A pastel mountain avoiding in the clouds;http://example.com/placeholder.jpg;unmemorized;0.0;0.0;396
;An opaque tiger drifting in a river;http://example.com/placeholder.jpg;unmemorized;0.0;0.0;397
;A peaceful bear evaporating alone;http://example.com/placeholder.jpg;unmemorized;0.0;0.0;398
;A short house running in space;http://example.com/placeholder.jpg;unmemorized;0.0;0.0;399
;A wide tower growing at noon;http://example.com/placeholder.jpg;unmemorized;0.0;0.0;400
;A silent phone falling under water;http://example.com/placeholder.jpg;unmemorized;0.0;0.0;401
;A hidden dog burning in the sky;http://example.com/placeholder.jpg;unmemorized;0.0;0.0;402
;A yellow car evolving in the fog;http://example.com/placeholder.jpg;unmemorized;0.0;0.0;403
;A dim demon flying in a building;http://example.com/placeholder.jpg;unmemorized;0.0;0.0;404
;A futuristic diver sleeping under water;http://example.com/placeholder.jpg;unmemorized;0.0;0.0;405
;A happy man thinking on the floor;http://example.com/placeholder.jpg;unmemorized;0.0;0.0;406
;An orange sphere standing in the wind;http://example.com/placeholder.jpg;unmemorized;0.0;0.0;407
;An old house condensing on mars;http://example.com/placeholder.jpg;unmemorized;0.0;0.0;408
;A peaceful rabbit looking at in space;http://example.com/placeholder.jpg;unmemorized;0.0;0.0;409
;A silent unicorn working in a storm;http://example.com/placeholder.jpg;unmemorized;0.0;0.0;410
;An old forest avoiding in the afternoon;http://example.com/placeholder.jpg;unmemorized;0.0;0.0;411
;A bright girl standing on the floor;http://example.com/placeholder.jpg;unmemorized;0.0;0.0;412
;A narrow child glowing at noon;http://example.com/placeholder.jpg;unmemorized;0.0;0.0;413
;A glass building swimming in the mist;http://example.com/placeholder.jpg;unmemorized;0.0;0.0;414
;An obvious girl rising in a lake;http://example.com/placeholder.jpg;unmemorized;0.0;0.0;415
;A short ghost spinning in the air;http://example.com/placeholder.jpg;unmemorized;0.0;0.0;416
;A massive bicycle changing in a pool;http://example.com/placeholder.jpg;unmemorized;0.0;0.0;417
;A glass flower falling on a chair;http://example.com/placeholder.jpg;unmemorized;0.0;0.0;418
;A futuristic castle staring at in the ocean;http://example.com/placeholder.jpg;unmemorized;0.0;0.0;419
;A hidden cirlce walking at sunrise;http://example.com/placeholder.jpg;unmemorized;0.0;0.0;420
;An organic ocean expanding on the floor;http://example.com/placeholder.jpg;unmemorized;0.0;0.0;421
;A polished scooter spinning on the floor;http://example.com/placeholder.jpg;unmemorized;0.0;0.0;422
;A green pyramid looking at in the ocean;http://example.com/placeholder.jpg;unmemorized;0.0;0.0;423
;A chaotic ship spinning in the mist;http://example.com/placeholder.jpg;unmemorized;0.0;0.0;424
;A white person sleeping at night;http://example.com/placeholder.jpg;unmemorized;0.0;0.0;425
;A tall pyramid observing on the grass;http://example.com/placeholder.jpg;unmemorized;0.0;0.0;426
;A new mountain evolving in a river;http://example.com/placeholder.jpg;unmemorized;0.0;0.0;427
;A small phone melting in a river;http://example.com/placeholder.jpg;unmemorized;0.0;0.0;428
;A loud machine freezing on a chair;http://example.com/placeholder.jpg;unmemorized;0.0;0.0;429
;An organic sphere working in a castle;http://example.com/placeholder.jpg;unmemorized;0.0;0.0;430
;An old pilot hovering in the snow;http://example.com/placeholder.jpg;unmemorized;0.0;0.0;431
;A digital astronaut burning in a park;http://example.com/placeholder.jpg;unmemorized;0.0;0.0;432
;A polished fish standing on a chair;http://example.com/placeholder.jpg;unmemorized;0.0;0.0;433
;A wooden person sinking in a building;http://example.com/placeholder.jpg;unmemorized;0.0;0.0;434
;A shiny clock running in a house;http://example.com/placeholder.jpg;unmemorized;0.0;0.0;435
;A neon alien falling at sunrise;http://example.com/placeholder.jpg;unmemorized;0.0;0.0;436
;An opaque girl standing under water;http://example.com/placeholder.jpg;unmemorized;0.0;0.0;437
;A glowing diver ignoring in the sky;http://example.com/placeholder.jpg;unmemorized;0.0;0.0;438
;A rusty boat watching with family;http://example.com/placeholder.jpg;unmemorized;0.0;0.0;439
;A new diver sleeping in the morning;http://example.com/placeholder.jpg;unmemorized;0.0;0.0;440
;A glowing watch swimming in the fog;http://example.com/placeholder.jpg;unmemorized;0.0;0.0;441
;A peaceful tower running in a pool;http://example.com/placeholder.jpg;unmemorized;0.0;0.0;442
;A wide child walking at noon;http://example.com/placeholder.jpg;unmemorized;0.0;0.0;443
;A massive car standing in a pool;http://example.com/placeholder.jpg;unmemorized;0.0;0.0;444
;A happy unicorn watching in space;http://example.com/placeholder.jpg;unmemorized;0.0;0.0;445
;A calm car sleeping at noon;http://example.com/placeholder.jpg;unmemorized;0.0;0.0;446
;A wooden watch working in a park;http://example.com/placeholder.jpg;unmemorized;0.0;0.0;447
;A dull building condensing on a rock;http://example.com/placeholder.jpg;unmemorized;0.0;0.0;448
;A dark car staring at on mars;http://example.com/placeholder.jpg;unmemorized;0.0;0.0;449
;A dim skyscraper freezing on mars;http://example.com/placeholder.jpg;unmemorized;0.0;0.0;450
;A vibrant alien playing on a rock;http://example.com/placeholder.jpg;unmemorized;0.0;0.0;451
;A digital dog working in the sea;http://example.com/placeholder.jpg;unmemorized;0.0;0.0;452
;A happy planet drifting on a rock;http://example.com/placeholder.jpg;unmemorized;0.0;0.0;453
;A narrow camera evaporating on the moon;http://example.com/placeholder.jpg;unmemorized;0.0;0.0;454
;A mysterious angel drifting in a park;http://example.com/placeholder.jpg;unmemorized;0.0;0.0;455
;A chaotic monster contracting on the moon;http://example.com/placeholder.jpg;unmemorized;0.0;0.0;456
;A chaotic pilot melting at noon;http://example.com/placeholder.jpg;unmemorized;0.0;0.0;457
;An orange man ignoring in a river;http://example.com/placeholder.jpg;unmemorized;0.0;0.0;458
;A giant fox flying alone;http://example.com/placeholder.jpg;unmemorized;0.0;0.0;459
;A happy flower writing at noon;http://example.com/placeholder.jpg;unmemorized;0.0;0.0;460
;A tiny alien falling at sunrise;http://example.com/placeholder.jpg;unmemorized;0.0;0.0;461
;A mysterious boy drifting in the air;http://example.com/placeholder.jpg;unmemorized;0.0;0.0;462
;A purple bird writing at sunset;http://example.com/placeholder.jpg;unmemorized;0.0;0.0;463
;An opaque planet burning in the ocean;http://example.com/placeholder.jpg;unmemorized;0.0;0.0;464
;A wide man sinking in a castle;http://example.com/placeholder.jpg;unmemorized;0.0;0.0;465
;A bright wolf glowing on the moon;http://example.com/placeholder.jpg;unmemorized;0.0;0.0;466
;A purple fish sitting in the mist;http://example.com/placeholder.jpg;unmemorized;0.0;0.0;467
;A polished unicorn burning surrounded by light;http://example.com/placeholder.jpg;unmemorized;0.0;0.0;468
;A modern planet reading on the moon;http://example.com/placeholder.jpg;unmemorized;0.0;0.0;469
;A silent grass watching on a rock;http://example.com/placeholder.jpg;unmemorized;0.0;0.0;470
;An obvious skyscraper avoiding in space;http://example.com/placeholder.jpg;unmemorized;0.0;0.0;471
;An ancient boy shrinking with a friend;http://example.com/placeholder.jpg;unmemorized;0.0;0.0;472
;A metal planet evolving on the ground;http://example.com/placeholder.jpg;unmemorized;0.0;0.0;473
;A short watch freezing with a friend;http://example.com/placeholder.jpg;unmemorized;0.0;0.0;474
;A visible lion contracting in the sky;http://example.com/placeholder.jpg;unmemorized;0.0;0.0;475
;An old woman looking at on a chair;http://example.com/placeholder.jpg;unmemorized;0.0;0.0;476
;An electric mountain falling in the morning;http://example.com/placeholder.jpg;unmemorized;0.0;0.0;477
;A hidden cat shining alone;http://example.com/placeholder.jpg;unmemorized;0.0;0.0;478
;A short person ignoring in the clouds;http://example.com/placeholder.jpg;unmemorized;0.0;0.0;479
;A yellow alien contracting in a house;http://example.com/placeholder.jpg;unmemorized;0.0;0.0;480
;A massive fox hovering in a house;http://example.com/placeholder.jpg;unmemorized;0.0;0.0;481
;A silent train sinking in a forest;http://example.com/placeholder.jpg;unmemorized;0.0;0.0;482
;An opaque tree changing in a forest;http://example.com/placeholder.jpg;unmemorized;0.0;0.0;483
;A blue boat writing on the ground;http://example.com/placeholder.jpg;unmemorized;0.0;0.0;484
;A transparent cat growing surrounded by light;http://example.com/placeholder.jpg;unmemorized;0.0;0.0;485
;A broken temple swimming at sunset;http://example.com/placeholder.jpg;unmemorized;0.0;0.0;486
;A narrow lamp writing in the ocean;http://example.com/placeholder.jpg;unmemorized;0.0;0.0;487
;A calm camera ignoring in the air;http://example.com/placeholder.jpg;unmemorized;0.0;0.0;488
;A glass diver burning on a table;http://example.com/placeholder.jpg;unmemorized;0.0;0.0;489
;An orange monster shining at sunrise;http://example.com/placeholder.jpg;unmemorized;0.0;0.0;490
;A futuristic demon evolving in a castle;http://example.com/placeholder.jpg;unmemorized;0.0;0.0;491
;A pastel demon observing on the moon;http://example.com/placeholder.jpg;unmemorized;0.0;0.0;492
;A mechanical demon swimming in a storm;http://example.com/placeholder.jpg;unmemorized;0.0;0.0;493
;A modern phone sitting in a storm;http://example.com/placeholder.jpg;unmemorized;0.0;0.0;494
;A modern angel thinking in a castle;http://example.com/placeholder.jpg;unmemorized;0.0;0.0;495
;A polished wolf looking at in a building;http://example.com/placeholder.jpg;unmemorized;0.0;0.0;496
;A silent ship running on a rock;http://example.com/placeholder.jpg;unmemorized;0.0;0.0;497
;A polished girl running in the afternoon;http://example.com/placeholder.jpg;unmemorized;0.0;0.0;498
;A silver forest walking on a chair;http://example.com/placeholder.jpg;unmemorized;0.0;0.0;499
